ID,text,target,cleaned_target
ynat-v1_train_00000,"KT, 2개월 이용 기간 파격 할인",4,5
ynat-v1_train_00005,美성인 6명 중 1명꼴 배우자·연인 빚 떠안은 적 있다,0,6
ynat-v1_train_00007,"아가메즈 33득점 폭발, 우리카드 KB손해보험 완파…3위 굳건히 지켜",4,1
ynat-v1_train_00011,NH투자 1월 옵션 만기일 매도 우세,1,5
ynat-v1_train_00015,"KISA 박민정 책임연구원, APTLD 이사 선출",0,3
ynat-v1_train_00019,페이스북 인터넷 드론 아퀼라 실물 첫 시험비행 성공,2,4
ynat-v1_train_00024,서울에 다시 오존주의보…도심·서북·동북권 발령종합,1,0
ynat-v1_train_00033,석면 규정 지켜야,3,0
ynat-v1_train_00034,안보리 대북결의안 2270호 이행보고서 제출한 나라 70개 육박,4,6
ynat-v1_train_00038,마틴 우리카드 코치로 V리그 복귀…한국 좋아요,5,1
ynat-v1_train_00039,LG G8 씽큐 15일부터 예판…디스플레이 1회 무상교체 혜택,2,4
ynat-v1_train_00043,한국민족의 뿌리가 북방…5천년 전 한반도서 자생적으로 형성,0,6
ynat-v1_train_00045,"특별 제안 흔들, 사표 낼 수도",3,2
ynat-v1_train_00048,"김정은, 트럼프와 만남 후 속내를 밝히다",1,2
ynat-v1_train_00049,"인공지능, 진보인가?",3,4
ynat-v1_train_00050,"미국 MBA, 여성 비율 계속 증가",6,3
ynat-v1_train_00052,한국에서 얼마나 벌 수 있을까?,4,0
ynat-v1_train_00056,유엔 리비아 내전 악화·국제적 확산 우려…아랍연맹 긴급회의종합,4,6
ynat-v1_train_00058,한미 치료제 개발 본격화,6,5
ynat-v1_train_00063,영상 선출부터 퇴장까지…나경원 원내대표 파란만장 1년,5,2
ynat-v1_train_00065,"3부, 국제사회 일원!",2,0
ynat-v1_train_00066,"레알 vs 아틀레티코, 챔피언스리그 4강에서 마드리드 더비 성사",0,1
ynat-v1_train_00067,"콩나물 값, 지하철 요금 따라 오른다",6,5
ynat-v1_train_00070,모바일 컴퓨팅 미래는…서울서 국제학회 ACM 모비시스 개막,3,4
ynat-v1_train_00071,영상 냄새가 나는데…퇴근길 마주친 수상한 차 따라가봤더니,2,0
ynat-v1_train_00072,獨 反이스라엘 테러 팔레스타인인 강연 차단…비자도 취소,3,6
ynat-v1_train_00077,"법정, 내 처리 요구",5,2
ynat-v1_train_00078,"대구·경북 고용유지지원금 신청 폭주: 2~3월 7,550건",5,3
ynat-v1_train_00079,"애스턴마틴, 국내 500대 한정 생산",0,5
ynat-v1_train_00085,네이버 모바일 연예판에도 AI 콘텐츠 추천 시스템 적용,5,4
ynat-v1_train_00086,"의료서비스 이용, 사전 예약 필수",6,0
ynat-v1_train_00087,수능 6모 성적표 공개,0,4
ynat-v1_train_00088,증시신상품 국채선물 인버스 ETF 3종,6,5
ynat-v1_train_00091,온누리 한방의 힘을 느껴보세요! 천연 한방 D20,3,0
ynat-v1_train_00095,흥국운용 2천350억원 중순위 인수금융펀드 1호 결성 완료,0,5
ynat-v1_train_00099,北 무수단 발사 대기권 재진입 기술 확보 여부가 관건,1,4
ynat-v1_train_00102,코스피 미국발 악재에 또 급락…2360대로 털썩,0,5
ynat-v1_train_00109,"원전대면 점, 2p 인도 무산",5,6
ynat-v1_train_00117,어촌으로 봄 여행 떠나볼까…해수부 체험 마을 20곳 추천,2,3
ynat-v1_train_00119,게시판 인터넷신문위원회 언론분쟁 대처 교육,1,3
ynat-v1_train_00134,"코오롱플라스틱, 1분기 영업익 138%↑ 58억원 기록",6,5
ynat-v1_train_00137,2017 올해의연극 베스트3 오른 옥상 밭 고추는 왜 재공연,4,0
ynat-v1_train_00142,"朴대통령, TK 의원들과 사드 민심 청취",0,2
ynat-v1_train_00143,지소미아 종료까지 8일…美 압박 속 고민 깊어지는 文대통령,4,2
ynat-v1_train_00144,호텔서 스타 셰프 음식 만난다…더플라자 레스토랑 4곳 오픈,4,0
ynat-v1_train_00148,시리보다 내가 낫다…빅스비의 세로드립 도발종합,2,5
ynat-v1_train_00150,11월 소비자 지갑을 열어라…유통업계 할인 경쟁 격화,6,5
ynat-v1_train_00153,힐만 감독 산체스 15∼16일 불펜에서 대기,6,1
ynat-v1_train_00156,GS칼텍스 IBK기업은행과 세터 이나연↔이고은 트레이드,5,1
ynat-v1_train_00164,日도쿄 주택가 공원 연못서 토막시신 발견,4,6
ynat-v1_train_00165,홍콩 시위 참여 여성 경찰서에서 알몸 수색 강요당해,1,6
ynat-v1_train_00168,"여행 AI, 새로운 시대를 열다",0,4
ynat-v1_train_00171,美이란 상대 국적자 체포 갈등…구금 중 학대 서로 비방,5,6
ynat-v1_train_00173,홍남기 미래부 1차관 서울혁신센터 등 방문,0,4
ynat-v1_train_00176,北발사체에 미일 당국자 통화…한미일 협력 확인,0,2
ynat-v1_train_00183,탈북민 착한봉사단 연천서 통일염원 벽화 그린다,1,3
ynat-v1_train_00186,KB증권 농심 4분기 라면 부문 실적개선…목표주가↑,6,5
ynat-v1_train_00189,400년 전 일본 건너간 조선 첫 여성도공 백파선,1,0
ynat-v1_train_00190,등수 앞으로,3,1
ynat-v1_train_00195,웨이포트 6월 22일 상장폐지 신청 예정,6,5
ynat-v1_train_00197,남$정w회l .c 준비가 생명W남북_리허설 또 리허설,2,0
ynat-v1_train_00199,"현대차증권, MMT 300억원 매수",2,4
ynat-v1_train_00204,"유저 집 명패, 누가 가져갔을까?",3,0
ynat-v1_train_00205,특징주 ;면분할 F성전자v귀환S첫날X약세,5,0
ynat-v1_train_00208,새누리 갈등 폭발한 상임 전국위·전국위는 어떤 기구,5,2
ynat-v1_train_00212,장애인 정책 발표하는 안철수,6,0
ynat-v1_train_00214,문학적 양식 풍부했던 '문학 행,3,0
ynat-v1_train_00220,삼성 2분기 세계 스마트폰 점유율 1위 지켰다…중국 맹추격,1,4
ynat-v1_train_00223,카카오미니 예판 38분 만에 마감…접속 몰려 에러 속출,6,4
ynat-v1_train_00224,민주 누리과정예산 확보 대신 법인세 양보 모색,1,3
ynat-v1_train_00226,"후랭코프 5승, 두산 20승 선두 질주…SK·LG 추격",2,1
ynat-v1_train_00227,청년 디지털 일자리 등 3차 추경 사업 민간 채용률 겨우 11%,4,3
ynat-v1_train_00230,류현진 FA 랭킹 7위…막판 부진으로 온갖 의문 낳아,6,1
ynat-v1_train_00232,충북 가마솥더위 지속…주말도 더워요,2,0
ynat-v1_train_00234,억만장자 베니 스타인메츠 阿 광산 뇌물 혐의로 기소돼,1,6
ynat-v1_train_00237,출마하면 투표해 주세요!,6,0
ynat-v1_train_00240,벼락같은 중거리포로 러시아 가는 길 열어젖힌 이창민종합,3,1
ynat-v1_train_00242,배구 남녀 대표팀 임도헌라바리니 감독 보령서 짧은 상견례,3,1
ynat-v1_train_00244,"전기차, 사상 최초로 양산 성공",6,4
ynat-v1_train_00251,삼성·애플·LG·구글 스마트폰 가을대전 임박,0,4
ynat-v1_train_00252,트럼프 드론 격추에 對이란 보복공격 승인했다 돌연 철회종합2보,5,6
ynat-v1_train_00254,네이버 인공지능으로 식당 예약 전화 받는 AI 콜 공개,1,4
ynat-v1_train_00259,KT 인공지능 기술로 목소리 찾아드려요…목소리 찾기 프로젝트,3,4
ynat-v1_train_00262,국립민속박물관 아카이브 만들기 특별전 개최,6,0
ynat-v1_train_00264,"대우조선해양, LNG 운반선 2척 수주 (4,199억원)",3,5
ynat-v1_train_00270,신년사 손학규 다당제·합의제로 희망 드리는 정치 실천,1,2
ynat-v1_train_00271,노벨평화상 소식에 아프리카 환호…각국 정상 환영 잇따라,0,6
ynat-v1_train_00272,野가 전한 설 민심…정권교체 해달라 자만말라 쓴소리도,3,2
ynat-v1_train_00273,위안부 피해자 그림 선생님이 전하는 이야기,6,0
ynat-v1_train_00274,"한국, 물가 상승과 미세먼지 문제로 어려움 겪어",3,6
ynat-v1_train_00277,"NHN엔터, 2분기 영업익 50% 증가",3,5
ynat-v1_train_00281,춘천 MBC 나이야가라 한국방송대상 작품상 수상,6,3
ynat-v1_train_00282,콘테 첼시 감독 캉테 AS로마전 출전여부 본인이 결정할 것,4,1
ynat-v1_train_00283,부산국제코미디페스티벌에 참여합니다,3,0
ynat-v1_train_00289,이인제 충청을 젊은 희망의 땅으로 만들것 충남지사 출마 선언,4,1
ynat-v1_train_00294,스페인 11회 연속 월드컵 본선 진출…이탈리아 PO행종합,6,1
ynat-v1_train_00295,유럽 최악 한파에 난민들 피해속출…폐렴·저체온증 극심,1,0
ynat-v1_train_00302,문대통령 미중러 협력·아세안 동행…비핵화 동력 보전했다,2,0
ynat-v1_train_00304,평양정상회담 남북 정상 오찬장도 함께,5,0
ynat-v1_train_00309,민주 광역단체장 후보 면접…지방선거 당내 경쟁 개막,1,2
ynat-v1_train_00310,SK텔레콤 충청 지역 폭우피해 통신망 복구,3,4
ynat-v1_train_00311,경제 윤종원 일자리 정태호 靑수석 교체…민생·고용 드라이브종합2보,0,2
ynat-v1_train_00312,朴대통령 한불 비즈니스포럼·K콘 참석…파리서 경제·문화외교,0,2
ynat-v1_train_00314,외국인에게 말만 하세요 한컴 이어폰형 통역기 MWC서 첫선,1,4
ynat-v1_train_00315,이라크 프랑스인 IS 조직원 가차없이 사형선고,1,6
ynat-v1_train_00316,아힘 프라이어가 소개하는 반지 4부작,3,0
ynat-v1_train_00317,"탈북자, 한국계 국가공훈장 수여",6,3
ynat-v1_train_00318,프로농구 인삼공사 컬페퍼 햄스트링 부상…교체할 듯,5,4
ynat-v1_train_00319,김현미 전월세상한제 신규 계약 적용 고려할 점 많아 신중론,6,2
ynat-v1_train_00321,靑 추미애 긴급회동 제안에 정해진 바 없다,0,2
ynat-v1_train_00324,"프로젝트 해체 위기, 선한 영향력으로 승부",1,0
ynat-v1_train_00326,지구 임계온도 1.5도 목표 촉구 1인 시위,6,4
ynat-v1_train_00328,버려진 튜브로 만든 설치미술,5,0
ynat-v1_train_00333,무선 장비로 침입자 막는다… KT텔레캅 새 보안 서비스종합,6,4
ynat-v1_train_00336,닷새째 경찰에 포위된 홍콩 이공대,4,6
ynat-v1_train_00337,與 대구·경북 공천면접심사…현역 vs 진박 격돌,3,2
ynat-v1_train_00342,모범장서가에 2만4천91권 소장한 이종근씨 등,4,3
ynat-v1_train_00344,우리금융硏 대중부유층 10명중 4명 노후준비 부족하다고 생각,1,3
ynat-v1_train_00346,긴급재난지원금 중 기부금은 2천782억원…지급액의 2%,2,3
ynat-v1_train_00352,프로농구 MVP 후보 두경민 많은 것을 배운 시즌,3,1
ynat-v1_train_00354,면1B 이상 장6가,5,0
ynat-v1_train_00355,이달의 편집상에 매일신문 공부까지 거리두면… 등 4편,2,0
ynat-v1_train_00356,"조코위, 김정은 만남 성사?",3,6
ynat-v1_train_00357,주말 N 여행 강원권 남한강축제서 무더위 날리자…속초는 피서철 이벤트,1,5
ynat-v1_train_00358,랜딩 페이지 2돌리면 대응 맞춰야,6,4
ynat-v1_train_00359,홍영표 홍문종·염동열 체포동의안 부결에 사과·책임통감,4,2
ynat-v1_train_00363,KAIST 온도따라 변하는 스마트 입자 개발,0,4
ynat-v1_train_00365,지각 입장한 남북 선수단 그 사연은,3,1
ynat-v1_train_00366,스마트폰에 신용카드 대면 삑 새 본인 인증 나온다,6,4
ynat-v1_train_00369,"N&v엔터, H대와 제휴",4,3
ynat-v1_train_00370,한9%^6주택브랜드 공작소 론칭,3,0
ynat-v1_train_00371,고침 체육신인 1순위 펄츠 복귀…필라델피아,0,1
ynat-v1_train_00372,영상 최강 한파 패딩·목도리 중무장…전국 강추위에 꽁꽁,2,0
ynat-v1_train_00373,120개 언어 인도 힌디어 국어 지정 놓고 찬반 논란,0,3
ynat-v1_train_00374,터키군 시리아 진격…에르도안 평화의 샘 작전 개시 선언종합,5,6
ynat-v1_train_00375,충북 한여름 무더위…날씨는 맑음,5,4
ynat-v1_train_00377,SKT 부산 엑스포서 해양안전 통신기술 시연,1,6
ynat-v1_train_00380,러시아 시리아서 S500 발사했나…러 국방부는 부인,5,6
ynat-v1_train_00382,朴대통령 국회연설 북한 54회·핵 23회…대화는 제로종합,5,2
ynat-v1_train_00383,석촌동 고분군 발굴 조사 설명회,2,3
ynat-v1_train_00385,"K4O, 내년 1월 서울대서 강습회 개최",1,4
ynat-v1_train_00386,엔지니어링 기업 부문 경쟁 심화,3,5
ynat-v1_train_00387,코리아둘레길 남해안길 남파랑길로 불러주세요,2,0
ynat-v1_train_00388,KGC인삼공사 이적생 트리오 알토란 활약…성공신화 예고,0,1
ynat-v1_train_00390,홍콩 갑부 리카싱 올해 세계경제 복잡할 것…모두 조심해야,4,5
ynat-v1_train_00392,에어트리아 시범행,6,3
ynat-v1_train_00394,군 순찰 강화,6,3
ynat-v1_train_00395,철도역 매표·상담·역무 담당 코레일네트웍스 노조 파업,6,3
ynat-v1_train_00402,KT 수자원·국토정보공사와 데이터 중심 스마트시티 협력,0,4
ynat-v1_train_00405,"현업 노하우, AB 테스트로 방구석 기업 견인",3,4
ynat-v1_train_00406,슬로바키아 언론인 피살 후폭풍…이번엔 판사 사임,1,6
ynat-v1_train_00407,상장·신작 대박 겹경사에 넷마블 첫 깜짝 보너스,4,5
ynat-v1_train_00408,광주교육청 9급 지방공무원 73명 공개 채용,0,3
ynat-v1_train_00409,완벽 수비 두산 롯데 완파하고 60승 고지 선착,4,1
ynat-v1_train_00414,이해찬 대표 취임 축하 난 앞에 놓고 인사말,5,0
ynat-v1_train_00415,국토부 차관 지방 미분양이 문제 매수자 입장에선 좋을 수도종합,1,0
ynat-v1_train_00419,유엔총장 시리아 휴전 환영…유효한 해법은 긴 여정,5,6
ynat-v1_train_00420,이해찬 철도 공동조사 내주 시작…남북관계 큰 변화,4,2
ynat-v1_train_00422,코아로직 수원지법에 회생절차 종결 신청,6,0
ynat-v1_train_00424,경제자유구역 지지부진 개발지연·국내기업 역차별 탓,4,5
ynat-v1_train_00426,전북 주요 대학들 등록금 동결…학부모 부담 덜겠다,1,5
ynat-v1_train_00427,금융시장 충격 일단 소강국면…주가 낙폭 줄고 환율도 하락,2,5
ynat-v1_train_00435,이란 원자력청장 포르도서 우라늄 농축 농도 5%까지 올릴 것,0,6
ynat-v1_train_00437,이집트서 성폭행하려 한 남성 살해 15세 소녀 처벌 논란,0,6
ynat-v1_train_00438,톈안먼 진압 당시 中장교 공개 참회…6·4 기억해야,5,6
ynat-v1_train_00442,그래픽 한국은행 지난해 순이익 16년 만에 최대,3,5
ynat-v1_train_00452,"전북, 최저 영하 7.8도…2~5cm 눈",4,6
ynat-v1_train_00453,英장관 e명7공개 반기…브렉시트 8의 없)면 연기I지지,6,3
ynat-v1_train_00457,인천 공립유치원 교사 87% 근무 중 질병 얻어,1,3
ynat-v1_train_00458,전 가족과 함께 비행기를 탔다,0,6
ynat-v1_train_00460,"캘리포니아 산불, 주민 대피령",3,6
ynat-v1_train_00463,KT 기가지니 내일부터 AI 금융서비스도 척척종합,3,4
ynat-v1_train_00467,"SKT, 유콘시스템과 5G 드론 ICT 솔루션 개발 협력",0,4
ynat-v1_train_00469,튀니지서 아랍연맹 정상회의…트럼프 골란고원 선언 비판,0,6
ynat-v1_train_00478,하루평균 수출 감소폭 전월보다 줄어…향후 예단 쉽지 않아,1,5
ynat-v1_train_00487,홍콩 시위에 원격조종 사제폭탄 등장…경찰 테러리스트와 비슷,3,6
ynat-v1_train_00491,"11월 주식 발행액 60% 급증, IPO·유상증자 활발",4,5
ynat-v1_train_00492,월미도 새 모노레일 내년 추석엔 달릴 수 있을까,2,0
ynat-v1_train_00503,"김우조 부총리, 섬진강댐 방문",3,2
ynat-v1_train_00504,UAE 단교 20개월만에 카타르 왕래 화물선 허용,4,6
ynat-v1_train_00507,朴대통령 에어포스원 탄 오바마와 15분간 북핵대응 긴급통화,0,2
ynat-v1_train_00508,이적설에 휘말렸던 이근호 울산이라 마음 갔던 게 사실,6,1
ynat-v1_train_00519,서울 초등학생 새학기부터 구강검진 결과 스마트폰으로 확인,1,3
ynat-v1_train_00520,"콘텐츠 제한, 통신업계 위기",4,5
ynat-v1_train_00523,"LG G6, 갤럭시 S8 제치고 영상 1위",5,4
ynat-v1_train_00534,국토h 공동주택 관리 n우수0지에M서울 텐r힐 1단지,5,0
ynat-v1_train_00540,LG G6 예약판매 개시…액정 무상 수리 등 45만원 혜택,1,2
ynat-v1_train_00541,"국문협, 안순·육박 예상",0,2
ynat-v1_train_00544,美금융사 가상화폐 경계령…비자 CEO 거래처리 안할 것,4,5
ynat-v1_train_00569,국회 외통위 한미 방위비분담금 협정 비준동의안 처리,0,2
ynat-v1_train_00572,"특검, 이화여대 및 관계자 사무실 압수수색",3,2
ynat-v1_train_00573,LG전자 실속형 스마트폰 2018년형 K 시리즈 공개,1,4
ynat-v1_train_00576,바흐 모테트 전곡 연주·박유신김현정 듀오 공연,4,0
ynat-v1_train_00577,그래픽 작년 주식 1인당 보유종목수 4.27개,3,5
ynat-v1_train_00582,"UEFA, PSG FFP 위반 조사 착수",0,4
ynat-v1_train_00584,대선출마 앞둔 바이든의 나쁜손 또 폭로…코 비비려고 했다,3,1
ynat-v1_train_00594,중국인 래퍼 인터넷 생방송 중 손가락 자해 행동 논란,5,0
ynat-v1_train_00598,中 가상화폐 업자들 전기 싼 이란에 원정채굴 요청,1,6
ynat-v1_train_00599,스웨덴 여자축구대표팀 유니폼 문구로 여성인권 캠페인,4,0
ynat-v1_train_00602,"LA총영사관, UCLA·USC 한인학생회와 취업 정보 공유",6,3
ynat-v1_train_00603,주춤한 동장군 다시 찾아와…강원 일부 지역 한파주의보,4,0
ynat-v1_train_00607,SK텔레콤 트리페이 태국 서비스 개시,0,5
ynat-v1_train_00610,아프거나 월급 못 받으면 Y축은행q)R 상$d예,5,3
ynat-v1_train_00616,MLB 도쿄 개막전에 사사키조지마 배터리 시구,4,1
ynat-v1_train_00619,이라크 군경 반정부 시위대에 또 발포,5,6
ynat-v1_train_00629,잭슨 MLB 14번째 유니폼 입었다…역대 최다 기록 눈앞,4,1
ynat-v1_train_00630,베스트셀러 언어의 온도 출간 7개월 만에 1위 올라,4,0
ynat-v1_train_00632,"북한 마라톤 선수단, 올림픽 참가 자격 획득",2,1
ynat-v1_train_00633,B2 출판 경영 마케팅 클래스,3,0
ynat-v1_train_00634,근로자휴가지원사업 참여 100명 강릉컬링센터·바다부채길 관광,1,3
ynat-v1_train_00635,"소년, 9천만원 기부",1,3
ynat-v1_train_00636,"봄 맞이 MT, 홍영씨와 함께",2,0
ynat-v1_train_00637,北 무수단 미사일 발사준비…軍 도발 대비 감시강화종합,1,2
ynat-v1_train_00640,KBS 방송작가 집필 표준계약서 도입·시행,5,3
ynat-v1_train_00642,"한강서 30대 실종, 경찰 수색 중",0,3
ynat-v1_train_00644,특징주 SK바이오랜드 줄기세포 아토피 치료제 사업 진출에 강세,0,5
ynat-v1_train_00645,이스라엘 이미 숨진 팔레스타인인 총격 용의자 집까지 파괴,0,6
ynat-v1_train_00646,스템반도체 설비 투자 확대,4,5
ynat-v1_train_00652,SK ES 파주에너지서비스 지분 매각 절차 진행,2,5
ynat-v1_train_00657,"애플, iOS 11 통해 증강현실 본격화",0,4
ynat-v1_train_00660,아스널 스토크시티에 41 대승…4위 리버풀에 승점 1,2,1
ynat-v1_train_00662,프로축구는 한가위에도 격한 순위 싸움…하위스플릿 탈출,5,1
ynat-v1_train_00665,"33교전, 클린 목표 리 크 행동은 안",6,1
ynat-v1_train_00669,예스24 우리가 사랑한 24인의 작가들 부산서 전시,4,0
ynat-v1_train_00673,文대통령 北목선 경계못하고 국민께 제대로 못알려…철저 점검종합,0,2
ynat-v1_train_00675,"P2P 거래, 새로운 혁신의 물결",1,4
ynat-v1_train_00676,정정불안 코모로서 총격 사상자 발생…美 정부요원 철수명령,2,6
ynat-v1_train_00677,여자농구 신한은행 팀 최소 득점 기록 34점 불명예,3,1
ynat-v1_train_00681,세기의 대국 알파고 아버지 허사비스는 왜 바둑에 매료됐나,2,0
ynat-v1_train_00686,"넥슨 게;/버}진 개발사 아이펀팩`리에 전""적 투자",4,5
ynat-v1_train_00687,윤종규 KB금융 회장 7개월 만에 자사주 2천주 매입,1,5
ynat-v1_train_00689,카톡방 URL 검색 노출 개인정보법 위반 소지 약해,5,4
ynat-v1_train_00695,"디인증서 유출 이후, LOO 넘어 추세 급감",3,5
ynat-v1_train_00699,러 우주 공간에 요격미사일 시스템 배치 말라 美에 경고,1,6
ynat-v1_train_00700,세계에서 가장 많이 팔리는 스마트폰은?,5,4
ynat-v1_train_00702,비자나무는 모기퇴치제…옛 문헌 속 생물활용서 발간,2,0
ynat-v1_train_00706,"전몰자 추모, 9월에 열려",1,0
ynat-v1_train_00708,필리핀 토지은행·리잘상업은행 한진중공업 주식 취득,3,5
ynat-v1_train_00712,초신성 폭발 3시간 만에 관측…최단기록,5,6
ynat-v1_train_00716,이라크 반정부 시위 사망자 40여명으로 늘어종합,1,6
ynat-v1_train_00717,"기중기, 세계 최고 용량으로",0,4
ynat-v1_train_00718,네이버 자율주행차 핵심센서 개발 이스라엘 기업에 투자,5,4
ynat-v1_train_00722,1억 5천만원 현금 걸린 제보,6,3
ynat-v1_train_00725,대북특사단 오전 9시 평양 안착…10시부터 회담 중2보,3,2
ynat-v1_train_00728,5G 기반 자율주행차 개발…SK텔레콤·인텔 협약,5,4
ynat-v1_train_00729,"32L 중국인, 39명 사망 영향",3,6
ynat-v1_train_00731,재벌닷컴 재벌 총수 자택 공시가격 34% 상승,4,5
ynat-v1_train_00734,장미의 이름 새 옷 입히니 젊은 독자 호응,3,0
ynat-v1_train_00737,北 외화벌이 기관들 무역허가권 확보 경쟁 RFA,2,6
ynat-v1_train_00745,"서울 표준주택 공시가 17.75% 상승, 15억 초과 고가주택 집중 조사",4,5
ynat-v1_train_00746,KT연세대 5G 상용망 기반 연구 플랫폼 출범,6,4
ynat-v1_train_00754,미 대북정책 이란과 달랐다…전략적 인내가 핵실험 묵인,5,2
ynat-v1_train_00755,"야구, LGU+에서 더 생생하게 즐기세요!",1,4
ynat-v1_train_00757,"박스피에 길, 5큐a_ 새 길 개척",4,0
ynat-v1_train_00763,헌장 서명,2,0
ynat-v1_train_00764,내일날씨 새해 첫날 전국 가끔 구름 많음…아침 기온 영하 10도,4,0
ynat-v1_train_00767,"밤의 배경, 최대 9배 증가",3,4
ynat-v1_train_00769,"원스토어, 앱 유통 수수료 5%로 인하",0,3
ynat-v1_train_00776,민주 평창올림픽 성공 개최 총력전…색깔론 한국당 맹공,6,2
ynat-v1_train_00783,"북미 애니메이션 시장, 치열한 경쟁 펼쳐",6,5
ynat-v1_train_00786,"현대모비스, 대성과 협력 강화",1,5
ynat-v1_train_00790,극적 역전승 김종민 감독 한 세트만 따면 반전 오리라...,6,1
ynat-v1_train_00792,대법 영원무역 비판기사 한겨레 정정보도·손배 책임없다,2,6
ynat-v1_train_00793,책 읽는 여성의 흑역사 전혜린을 위한 변명,6,0
ynat-v1_train_00797,"한국, 독도 수호 의지를 재확인",2,6
ynat-v1_train_00798,KT삼성전자퀄컴 국제표준 기반 5G 데이터 통신 성공,3,4
ynat-v1_train_00800,세월호 참사 KBS·MBC 책임자 공개,3,2
ynat-v1_train_00816,스피커 전환,5,0
ynat-v1_train_00821,"19H 위기, 대타협 나올까… 수령 종합",3,1
ynat-v1_train_00830,"8개국 경제 복판, 日에도 영향",6,5
ynat-v1_train_00832,최지만 보스턴전 6호 솔로포 포함 멀티히트종합,5,1
ynat-v1_train_00833,사사구 s개Y남발한 브리검 김+성 호@비 t분에 Qj,1,0
ynat-v1_train_00836,무인 자동차 개발에 100억 투자,4,5
ynat-v1_train_00843,경찰 두산 이영하에 승부조작 제의한 브로커 수사 착수,2,1
ynat-v1_train_00852,"서울 옥션, 블록체인 기술 도입",0,4
ynat-v1_train_00860,"애플, KT서 2루타 3루타 연속! 대박",5,1
ynat-v1_train_00863,박건우 삭발은 인제 그만 올해는 초반부터 잘할 겁니다,3,0
ynat-v1_train_00868,북적이는 송악산 선착장,5,0
ynat-v1_train_00870,여자배구 1순위 디우프 인삼공사 순위 끌어올리겠다,4,1
ynat-v1_train_00875,S고 W고 기장 비 세운,4,0
ynat-v1_train_00882,국립현대미술관 미술과 민주주의 화두로 국제심포지엄,3,0
ynat-v1_train_00884,안전 위협하는 어린이보호구역 후진 차량,6,3
ynat-v1_train_00886,치안불안 아프리카 말리 새 총리에 시세 전 재무장관,0,6
ynat-v1_train_00895,그6픽 아파트 매d가격지수 변r률,5,0
ynat-v1_train_00896,"KTE, 급격한 매출 증가",0,5
ynat-v1_train_00897,특징주 삼성전자 엿새 만에 약세 전환,1,5
ynat-v1_train_00901,LG유플러스 공식 온라인몰서 아이폰6 0원에 판매,1,4
ynat-v1_train_00902,"원숭이, 경연 이 관건",4,0
ynat-v1_train_00904,갤럭시S8 덱스 지원하는 최적화 오피스앱 출시,0,4
ynat-v1_train_00905,베어링운용 증시 기초여건 우호적…위험요건은 상존,6,5
ynat-v1_train_00907,부마항쟁단체 文 후보에 항쟁의 명예 세워달라,0,2
ynat-v1_train_00911,철퇴 맞는 비트코인g중국서 출국금지y~국선7사기_ (소,5,3
ynat-v1_train_00914,제6회 국제주택도시금융포럼,5,0
ynat-v1_train_00919,홍윤식 청문회…총선관리·지방재정 등 정책질의 집중,5,2
ynat-v1_train_00928,홍준표 황교안 선거권 없어…전대출마 자격 운운 난센스,4,2
ynat-v1_train_00936,"Z훈클럽 신영기, C금B수 지원",3,1
ynat-v1_train_00937,국민의당 당무위 진통,6,2
ynat-v1_train_00938,빈자리 드문 세종 국무회의장,0,2
ynat-v1_train_00941,신간 잘못 알려진 미니스커트 경제학,4,0
ynat-v1_train_00943,미래부OECD 과학기술정책위원회 워크숍 개최,2,3
ynat-v1_train_00950,"러닝 4.0 시대, 인공지능 상용화 공식 발표",6,4
ynat-v1_train_00954,류현진이 변했다…콜로라도전 앞두고 또 불펜 투구,0,6
ynat-v1_train_00971,한진그룹 세대교체 인사…조현아는 인사 명단서 빠져종합2보,6,3
ynat-v1_train_00974,"인공지능 화재, 가정에서 발생",3,4
ynat-v1_train_00983,"9일 한미 정상회의, 북핵·경제 협력 논의",6,2
ynat-v1_train_00990,포틀랜드 워싱턴 꺾고 NBA 서부콘퍼런스 선두 도약,4,1
ynat-v1_train_00996,LH 광주전남본부 보유 토지 1만9천㎡ 매각,0,3
ynat-v1_train_01004,"FT 발표, 새로운 메시지 공개",1,4
ynat-v1_train_01005,프로야구 LG 29일부터 일본 고치 마무리 훈련,5,1
ynat-v1_train_01006,보고 들으며 즐기는 詩…찾아가는 시문학 공연,5,0
ynat-v1_train_01011,북한 개성공단 남측인원 오후 5시30분까지 추방3보,4,3
ynat-v1_train_01012,전 대통령 뒷돈 의혹,1,3
ynat-v1_train_01017,아시안게임 2연패 노리던 한국 남자농구 이란에 막혀 ...,3,1
ynat-v1_train_01027,SK브로드밴드 T멤버십 혜택 강화,1,5
ynat-v1_train_01029,"윤 감독, KCA 베트남 앙 T1 서포터즈 세미나 개최",5,1
ynat-v1_train_01031,평양정상회담정상회담 특별수행단 리용남과 면담,4,6
ynat-v1_train_01038,온종일 차는 스s트!치 전자파i얼마나 나vh,4,0
ynat-v1_train_01046,MLB 워싱턴 감독 총력전 선언 스트라스버그도 불펜 대기,4,1
ynat-v1_train_01048,한국디지털뉴스협회장에 양상우 한겨레 사장,6,3
ynat-v1_train_01050,포토에세이 6년 공사 끝내고 문 연 터키 최대 이슬람 사원 참르자,1,0
ynat-v1_train_01052,"남자친구, 구속 대상",2,6
ynat-v1_train_01053,"1세 아기, 1주일 만에 사망",0,6
ynat-v1_train_01056,프로농구연맹 어시스터 모집,6,1
ynat-v1_train_01057,NEW트렌드 바람과 파도를 즐기는 또 다른 방법,1,0
ynat-v1_train_01062,"LG화학, 고강도 대책 발표",3,5
ynat-v1_train_01064,네이버·LGU 지체 장애인에 AI스피커·음원 이용권 전달,5,4
ynat-v1_train_01071,해킹 원천차단하는 양자암호통신 국가시험망 개소,1,4
ynat-v1_train_01075,이정현 골목상권 침해 정치권이 감시해야종합,6,2
ynat-v1_train_01079,증시풍향계 트럼프의 보호무역 자본시장 관점에선 개방확대,2,0
ynat-v1_train_01080,"KB국민은행 여자농구, 11일부터 시즌권 판매 시작",4,1
ynat-v1_train_01083,이야기하는 김태년과 홍익표,5,0
ynat-v1_train_01088,"미생 日e부 주최 디자인 공모전, 우수상 수상",0,3
ynat-v1_train_01090,생각하기와 걷기는 닮았다… 신간 걷기 철학자의 생각법,3,0
ynat-v1_train_01092,호날두 vs 메시 266번째 엘클라시코가 온다,5,1
ynat-v1_train_01095,"일본, 15일 출국…22일 고베 입단식",6,1
ynat-v1_train_01096,"한국, 해외 시장 확대",0,5
ynat-v1_train_01101,중부지방 21일부터 장마 영향권…내달 20일께 끝날 듯,3,0
ynat-v1_train_01103,황희찬 빅클럽 관심 월드컵서 좋은 모습 펼쳐야,5,1
ynat-v1_train_01107,아시안게임 내전 아픔 속에 16강 진출한 시리아의 위...,3,2
ynat-v1_train_01109,고3 확진자 나왔는데…부산서도 조마조마 3차 등교수업종합,2,3
ynat-v1_train_01110,7월 승률 1위 무르익는 삼성의 PS 진출 꿈,0,1
ynat-v1_train_01119,트럼프 배신 코언 의회 증언 연기…가족들 협박받아,2,6
ynat-v1_train_01124,"정부, 종합 달러 환율 안정화 방안 발표",2,5
ynat-v1_train_01126,삼성증권 LG전자 성장 방향성 재평가…목표가↑,4,5
ynat-v1_train_01128,다음달 4∼7일 첫 민화전문 아트페어 열린다,1,0
ynat-v1_train_01133,클린턴 외교책사 북핵 6자회담 재개 신중해야 u3000,3,0
ynat-v1_train_01134,美국방 시리아 북동부 일부 병력 유전 인근 잔류옵션 논의 중,5,6
ynat-v1_train_01135,유영민 미래부장관 개혁 예고…새 술은 새 부대에종합,6,2
ynat-v1_train_01139,코스닥 진입 수월해진다…자본잠식 등 상장요건 개편,0,5
ynat-v1_train_01144,"**권마다 복제되는 논문, 해결책 없나?**",3,0
ynat-v1_train_01148,18홈런 강백호 고졸 기록 넘어 신인 최다 홈런까지 겨냥,5,1
ynat-v1_train_01151,백두대간의 가을 하늘,6,0
ynat-v1_train_01155,MBC 전 계약직 아나운서들 계약만료 통보는 부당해고,4,3
ynat-v1_train_01156,남북 북미 정상회담과 한반도 평화를 논하다,5,2
ynat-v1_train_01157,"E국,  사TU{>_탓에 대신 본 cv 2D  ->  **E국,  사태로 대신 본 CV 공개**",3,6
ynat-v1_train_01158,베일HS싸인 탑I형 로봇2 평창 성화 e고 첫  a,4,0
ynat-v1_train_01165,인텔이 BMW와 개발한 자율주행차,2,4
ynat-v1_train_01166,내주날씨 화요일까지 전국에 비…주 후반 찜통더위,4,0
ynat-v1_train_01168,위민크로스DMZ 28일 남북 평화기원 걷기행사,1,3
ynat-v1_train_01169,한국인보다 한국을 더 사랑한 호모 헐버트 박사,1,0
ynat-v1_train_01172,게시판 남아공관광청 관광 워크숍 개최,2,3
ynat-v1_train_01175,네이버 이미지 검색 고도화…DB 2배 이상 확대,6,4
ynat-v1_train_01177,SKT 새 음악 플랫폼 플로 출시…AI 맞춤형 추천,1,4
ynat-v1_train_01178,"5G 가입자 경쟁 불붙어, LG V50 지원금 최대 77만원",1,4
ynat-v1_train_01179,중국 앱o개c자들 애플 갑질V r- 폭발,6,4
ynat-v1_train_01186,"A 기업, 용7협력 수주",1,5
ynat-v1_train_01187,"HDC 부동산114, 자회사 편입",6,5
ynat-v1_train_01188,중진공 중소기업 제품 간접 광고·활성화 지원,2,4
ynat-v1_train_01190,미술소식 유동훈·이제원 사진전 기억 속의 푼크툼,2,0
ynat-v1_train_01197,8만 명 탑승 가능한 R1 항공기 출시,0,4
ynat-v1_train_01206,외교부 송민순 회고록 관련 언급할 사안없어,1,6
ynat-v1_train_01209,벤투호 아시안컵 C조 최종전 상대 중국 UAE에 도착,0,1
ynat-v1_train_01210,삼성전자 갤럭시S8 체험존 방문객 160만명 넘었다,2,4
ynat-v1_train_01214,축구 용품 수집 과정의 담은 축구수집가의 비밀창고,3,0
ynat-v1_train_01216,프로농구 전망대 우울한 오빠 문경은이상민 성탄절에...,3,1
ynat-v1_train_01218,"10년 전 곰팡이 문제, 진실 밝혀지다",4,3
ynat-v1_train_01219,전세보증금 반환보증 가입 급증…전세금 받아달라 청구도↑종합,2,5
ynat-v1_train_01222,프로야구선수협 2군·저연봉선수 재활 무상 지원,3,1
ynat-v1_train_01223,통산 월드컵 4회 우승 이탈리아 축구 대재앙이 찾아왔다,0,1
ynat-v1_train_01225,"갤럭시 S10 5G, 출고가 139만 7천원 확정",5,4
ynat-v1_train_01226,r사말하는 미즈타니7사장,3,0
ynat-v1_train_01228,"디딤돌, 새로운 시대의 시작을 알리다",5,0
ynat-v1_train_01237,LH 감일지구 5공동주택용 필지 공급,5,3
ynat-v1_train_01245,"그래픽, 혁신, 성장 3% 목표",2,5
ynat-v1_train_01246,국민디자인 500원 규모 중신청 피소,3,0
ynat-v1_train_01252,충북 말복 더위 지속…강한 소나기 주의,4,0
ynat-v1_train_01262,"KB증권, 2분기 영업익 1천5억원…2.21% 증가",4,5
ynat-v1_train_01263,"지역 언론, 뉴스 제보 요청",3,2
ynat-v1_train_01268,"KBL 경기, 콘서트와 호텔 이용 증가",4,0
ynat-v1_train_01269,트럼프 이란은 거래 원한다…제재완화 여지 언급,4,6
ynat-v1_train_01270,黃 제1야당 대표로 첫 삭발 감행…조국 반대 대여투쟁 승부수종합2보,5,2
ynat-v1_train_01271,밀라노 광장 옥외광고,6,0
ynat-v1_train_01273,여야 오늘 노동 5법 담판 시도…불발시 임시국회 소집,5,2
ynat-v1_train_01276,여야 北미사일 도발 규탄…강력 제재 한목소리 주문,0,2
ynat-v1_train_01278,"유튜브 넘어선 T플릭O, 매출 급증하며 약진",4,5
ynat-v1_train_01279,평양정상회담 삼지연공항 도착한 문 대통령 내외,6,4
ynat-v1_train_01284,전북교육청 8월 14일까지 학생 운동선수 폭력피해 실태조사,6,3
ynat-v1_train_01291,전면 시행 앞둔 오픈뱅킹 재단장,2,5
ynat-v1_train_01296,"신간 '백점' 육식동물 아빠, 5G는 호기심 대상",0,4
ynat-v1_train_01298,읽어야 하지만 아무도 읽지 않는 고전…어떻게 읽을까,5,0
ynat-v1_train_01303,출연연 국내출장비 정산 실비정산→정액지급…증빙수단 간소화,6,3
ynat-v1_train_01309,삼성 갤노트9 미국 컨슈머리포트 스마트폰 평가서 1위,0,4
ynat-v1_train_01310,與내부 핵무장론 탄력…사드 배치도 다시 공론화,1,2
ynat-v1_train_01314,올림X 최종 주자에게 ^V되는 성o,1,0
ynat-v1_train_01325,예술의전당 평일 공연 저녁 7시30분으로 앞당긴다,6,0
ynat-v1_train_01326,노트르담 화재 이틀만에…휘발유 들고 美성당 침입한 남성 체포,4,6
ynat-v1_train_01328,임실군 미취학 아동에 현금 10만원 지급,2,3
ynat-v1_train_01329,힐러리 대선보도에 불만…278일만에 첫 기자회견,2,6
ynat-v1_train_01330,예우받은 사바시아 45번 단 트라우트…감동의 MLB 올스타전,4,1
ynat-v1_train_01332,SK로 이적한 강승호 LG서 좋은 모습 못 보여드려 죄송,4,1
ynat-v1_train_01334,영상 류현진 내가 홈런 친 후 팀 대량 득점 중요한...,5,0
ynat-v1_train_01344,킹 르브론 제임스 레이커스 유니폼 입는다…4년 계약,4,1
ynat-v1_train_01346,o국 초등학교 3부% 투Y 교육 시킨-,6,3
ynat-v1_train_01347,"오상, 베트남 국적 84세 여성 실종",1,6
ynat-v1_train_01348,금의환향한 류현진 추신수와 같은 팀 특별할 것 같다,5,1
ynat-v1_train_01351,로봇 손이 스마트폰 잡을 수 있도록 돕는 인공 피부 개발,6,4
ynat-v1_train_01353,뮤지컬 타이타닉 제작발표회,6,0
ynat-v1_train_01356,"네이버, 시범 서비스 개시",3,4
ynat-v1_train_01358,알함브라 궁전의 추억 무삭제 대본집 예약판매,4,0
ynat-v1_train_01361,새로운 바퀴,6,0
ynat-v1_train_01362,"KT, 멀티캠퍼스와 기가지니 서비스 'SERICEO' 론칭",1,4
ynat-v1_train_01363,서울시 미세먼지 주의보 3시간 만에 해제종합,2,4
ynat-v1_train_01364,가지 음료 상 198개 최대,3,0
ynat-v1_train_01365,한 좌석 남았습니다,2,0
ynat-v1_train_01368,게시판 KISA 이동통신 대리점 스팸방지 교육,3,4
ynat-v1_train_01371,"브렉시트, 예상치 못한 결과 초래",2,4
ynat-v1_train_01378,"3R 경제, 3판 출시 예정",2,4
ynat-v1_train_01379,괴력의 게레로 주니어 올스타 홈런 더비 신기록 세우고 4강행,0,1
ynat-v1_train_01381,정개특위 한국당 반발 속 활동기간 연장 추진,1,2
ynat-v1_train_01382,"이녹스, 1분기 영업이익 76% 감소",3,5
ynat-v1_train_01386,"한일몽골, 미세먼지 해결 위해 협력",3,6
ynat-v1_train_01388,학원비도 카톡으로…카카오페이 결제시스템 출시,0,4
ynat-v1_train_01389,20대 여성 전주서 실종…전주 여성 살해 피의자 연관 가능성종합,1,3
ynat-v1_train_01390,바이오 품목 공모전 개최,0,4
ynat-v1_train_01391,게시판 코엑스서 인공지능 기술 콘퍼런스,1,4
ynat-v1_train_01392,구글 1년 이상 구독 앱 거래 수수료 절반으로 인하종합,0,4
ynat-v1_train_01393,"아주대 정문 지{는 ""K중 전r회장(운구 차량",5,0
ynat-v1_train_01397,IC 카드단말기 미전환시 21일부터 결제 차단,6,5
ynat-v1_train_01398,휘어지는 종이 알루미늄 전지 개발…웨어러블 기기에 활용,6,4
ynat-v1_train_01399,워커 맨시티 공식 입단…英 선수 최대 이적료,4,1
ynat-v1_train_01400,北 장거리미사일 기습발사 가능성…발사대에 가림막 설치,3,0
ynat-v1_train_01402,"충북, 내일까지 50~100mm 비 예상",2,4
ynat-v1_train_01404,제주국제합창축제 개막,4,0
ynat-v1_train_01411,"KIA, 더 뉴 K9·스팅어 저금리 혜택 제공",0,4
ynat-v1_train_01413,수원 서정원 감독 권창훈 빠른 템포 적응하면 실력 보여...,6,1
ynat-v1_train_01414,인해 이룬,4,0
ynat-v1_train_01415,은성수 후보자 위기라고 하다 보면 정말 위기가 온다,3,2
ynat-v1_train_01416,남북통일농구 오늘 혼합경기로 팡파르…김정은 관전 가능성,3,1
ynat-v1_train_01422,테슬라 4분기 연속 흑자…국내 2차전지 업체 수혜 기대,6,5
ynat-v1_train_01424,전직 대법관 영장기각 항의,4,3
ynat-v1_train_01425,직원 채용에 압력 행사한 전 대구창조경제혁신센터장 집유,2,3
ynat-v1_train_01427,대통령 휴양지 저도 출입제한…정비후 내년 3월 재개방종합,4,2
ynat-v1_train_01428,국민의당 권은희 朴대통령 저격 풍자 SNS 포스터 논란,0,2
ynat-v1_train_01429,산천어축제 창작썰매 경주 진짜 이기고 싶다,3,0
ynat-v1_train_01430,거래소 ELS 상반기 상장…안정성·환금성 높인다,6,5
ynat-v1_train_01432,마크롱 G20서 트럼프와 이란 위기 해법 논의할 것,1,6
ynat-v1_train_01436,우리금융지주 한국거래소 신규 상장,2,5
ynat-v1_train_01440,에르도안 美 러시아제 S400 미사일 구매말라 강하게 압박,0,6
ynat-v1_train_01442,원자력 발전소 제조 비용 공개,5,6
ynat-v1_train_01444,"SKT, 갤럭시 A8 단독 출시",3,5
ynat-v1_train_01446,토마스 트리플더블…삼성생명 국민은행 12연승 막고 시즌 마감,6,4
ynat-v1_train_01447,美텍사스서 열기구 화재후 추락…최소 16명 사망한 듯종합,4,6
ynat-v1_train_01452,베르나르 베르베르 방한 기자간담회,1,0
ynat-v1_train_01454,출근하는 통일부 장관,1,2
ynat-v1_train_01461,신간 인공생명의 탄생,4,0
ynat-v1_train_01471,추미애 朴정부 비리조차도 창조적…불공정 한국 끝 보는 듯,0,2
ynat-v1_train_01474,현장 서울시장은 나야 나…박원순·김문수·안철수 첫 유세 장소는,0,2
ynat-v1_train_01481,온라인 명품 구매 늘었다…롯데닷컴 올해 명품 매출 25%↑,2,5
ynat-v1_train_01482,"삼성전기, 2D 기기 시장 공략",5,4
ynat-v1_train_01486,네이버 야심작 웨일 써보니…화면 분할 기능 편리,2,4
ynat-v1_train_01487,르포 궁극의 화질 LG 올레드 TV 라인 베일 벗었다,2,5
ynat-v1_train_01489,유엔 헝가리에 국경지대 난민 학대 조사 촉구,2,6
ynat-v1_train_01492,온라인 채용설명회 준비하는 국내외 인사담당자,1,3
ynat-v1_train_01496,게시판 한은 알기쉬운 경제이야기 UCC 공모전 수상작 선정,0,3
ynat-v1_train_01502,기가레인 주당 1주 무상증자 결정,6,5
ynat-v1_train_01503,美대선 낙마 워커주지사 위스콘신 경선 앞두고 크루즈 공개지지,0,6
ynat-v1_train_01505,"고노 외상, 美 무역대표와 WTO 개혁 연대 협의",5,6
ynat-v1_train_01506,이란·이라크 IS 수괴 사망 정보 확보종합,5,6
ynat-v1_train_01507,밤낮없는 무더위…강릉 30.1도 등 강원 대부분 열대야,2,0
ynat-v1_train_01510,"차량 통행 금지, 종합 안전 점검 실시",6,3
ynat-v1_train_01515,"20대 여성, 워크숍 중 1박 사망",2,3
ynat-v1_train_01522,벤투호 12일 출국…호주·우즈베크와 아시안컵 리허설,4,6
ynat-v1_train_01524,국민 10명 중 8명 혁신 기술로 일자리 줄어들 것,5,4
ynat-v1_train_01534,트럼프 中 거래 원해도 美 준비 안돼…이란 체제전환 요구안해,1,2
ynat-v1_train_01540,"래X I2TlE가입{ 케이| vV 91'월  ->  **케이월 가입, 91명 달성**",5,3
ynat-v1_train_01541,"5명의 선수, 함께라면 화해와 평화도 성큼 다가온다",2,0
ynat-v1_train_01542,일 한 번 내보자…여자축구 대표팀 지탱하는 베테랑의 힘,5,1
ynat-v1_train_01543,책과 함께 보는 영화 4편…한여름 밤의 스크린셀러 영화제,1,0
ynat-v1_train_01550,인간과 퀴즈 대결…인공지능은 어떻게 문제를 풀까,5,4
ynat-v1_train_01551,신간 나는 왜 아이디어가 궁할까·나는 습관을…,6,0
ynat-v1_train_01555,시흥시 민선 7기 일자리 10만개 창출,0,3
ynat-v1_train_01557,프로농구 kt 로건 없이도 삼성 완파…벌써 지난해 10승...,6,1
ynat-v1_train_01558,미래에셋 GS건설 내년 영업익 대폭 증가할 것,4,5
ynat-v1_train_01561,신간 삶이라는 동물원·지방도시 살생부,5,0
ynat-v1_train_01574,서울 M의 8래를 봤다,3,0
ynat-v1_train_01575,"손흥민, 과감한 돌파로 토트넘 승리 이끌어",0,1
ynat-v1_train_01578,롯데그룹 글로벌 진출 지도 바뀐다,2,5
ynat-v1_train_01579,민주 국회 보이콧 공허한 엄포 멈춰라…한국·바른미래 맹공종합,0,2
ynat-v1_train_01580,웨어러블 로봇·드론 이용한 이색 퍼포먼스 로봇나무,5,4
ynat-v1_train_01581,없어서 못 팔아요 갤럭시S10 품귀…내주 이후 공급 원활,1,4
ynat-v1_train_01582,"KBO 윈터미팅, 29~30일 개최…리그 발전 논의",6,1
ynat-v1_train_01583,"인터넷 A대, 6명 중 1명꼴로 R명C에 당첨",4,3
ynat-v1_train_01587,실종자 170명… 진실 밝혀야,6,3
ynat-v1_train_01588,이야기하는 홍준표와 김성태,4,2
ynat-v1_train_01589,유교 랩도 R군 된다,6,4
ynat-v1_train_01590,"KT, 해저 케이블 투자 확대",4,5
ynat-v1_train_01591,더민주 보수 결집용 북풍…국민의당은 정부비판 자제,6,2
ynat-v1_train_01593,오늘 밤 쇼크피하기 위한 적절한 B요,5,0
ynat-v1_train_01598,美 지난주 실업수당청구건수 26만6천건…소폭 상승,3,5
ynat-v1_train_01599,민주일반연맹 비정규직 차별철폐 공동행동,5,3
ynat-v1_train_01601,2보 코스피 상승 출발…개인 매수에 장중 1940선 회복,1,5
ynat-v1_train_01602,광주 장애인 수영대회 홍보,1,3
ynat-v1_train_01603,H조원 실_  보…라인 D로벌 기z 사냥 7망,5,0
ynat-v1_train_01605,프로배구 OK저축은행 한국전력에 셧아웃 승리…5위 도약,3,1
ynat-v1_train_01614,"LG G7 씽큐, 디스플레이 LCD 특징 공개",3,4
ynat-v1_train_01620,탈북민 하나원 교육생들 취약계층에 봉사활동,4,3
ynat-v1_train_01624,프로농구 현대모비스 수석코치에 조동현 전 kt 감독,2,1
ynat-v1_train_01631,이란 美 드론의 영공 침범 부인할 수 없는 증거 있어,5,6
ynat-v1_train_01633,호르무즈 호위연합 추진 美 외교단에 수송로 보호계획 설명,0,6
ynat-v1_train_01638,"호주 한인 극단, 이중언어 공연 호평",0,3
ynat-v1_train_01646,SK 최정 시즌 마수걸이 아치…홈런왕 3연패 시동,2,1
ynat-v1_train_01653,올해의 여기자상에 중앙일보 이유정 기자 등,5,3
ynat-v1_train_01659,보험사 대출잔액 238조원…주택담보대출 증가 전환,1,5
ynat-v1_train_01660,박철우 26점 폭발 삼성화재 OK저축은행 꺾고 3위 점프,0,4
ynat-v1_train_01665,갈루치 북미접촉 결과 차기 美행정부에 전달,4,6
ynat-v1_train_01667,"카로야, 드보 본다",4,0
ynat-v1_train_01669,안종범/崔u딩 마사지# 단골손님 9:에 명백한 오보,3,4
ynat-v1_train_01673,아시안게임 베트남과 4강전 앞둔 김학범의 승부수 한 ...,1,4
ynat-v1_train_01674,스코틀랜드 방음 공사,5,0
ynat-v1_train_01675,시원하게 쪽배축제 즐기세요,5,0
ynat-v1_train_01677,2020 하반기 해외취업 화상면접 주간 행사,1,3
ynat-v1_train_01687,SKT 설 연휴 이동 애프터서비스 센터 운영,6,3
ynat-v1_train_01688,LGU 잠실야구장에 프로야구 5G 체험존 운영,3,4
ynat-v1_train_01692,KT·SKT 나란히 국제표준 생체인증 획득종합,1,4
ynat-v1_train_01694,주말 N 여행 호남권 산정상 물 들인 철쭉의 막바지 화려한 자태,2,0
ynat-v1_train_01695,프랑스 공무원 대규모 감축목표서 후퇴…감원폭 줄이기로,6,3
ynat-v1_train_01696,신간 스피노자의 귀환·제국의 관문,3,0
ynat-v1_train_01702,연말부터 12시간 단위 데이터 로밍 가능,5,4
ynat-v1_train_01704,손안의 포켓볼 까롬을 아시나요…춘천국제레저대회 첫선,3,0
ynat-v1_train_01705,"토지거래 시장, 활기를 되찾다",3,5
ynat-v1_train_01707,SKT 미래 고객 잡는다,3,4
ynat-v1_train_01711,한수원기업은행 코로나 피해 원전협력사 대출기금 400억 조성,2,5
ynat-v1_train_01714,스트리플링 8이닝 1실점…다저스 6연패 탈출,2,1
ynat-v1_train_01718,이집트 대통령 美 방송서 이스라엘과 군사협력 인정,3,6
ynat-v1_train_01724,토트넘 포체티노 감독 컵 대회 로테이션 방침 유지 시사,2,1
ynat-v1_train_01728,"알렉사 앱, 인기 급상승",6,4
ynat-v1_train_01735,국내 과학자들 자유공모 기초연구지원 늘려야,1,3
ynat-v1_train_01737,중기부 규제자유특구 분과위원장 간담회,6,3
ynat-v1_train_01740,코트라 소비재와 부품으로 미국 시장 공략해야,2,5
ynat-v1_train_01741,오키나와 민심 달래러 간 아베…돌아가라 야유 당해종합,1,6
ynat-v1_train_01742,칠레 컨페드컵 2차전에서 젊은 독일과 11 무승부,2,1
ynat-v1_train_01749,"삼성, TN&Sk 3vP교육팀 선정",4,3
ynat-v1_train_01751,제조업·ICT 산업분야 AI융합에 초점 맞춘 차별화 전략필요,1,4
ynat-v1_train_01756,문희상 의장 취임 기자간담회,5,2
ynat-v1_train_01766,문 대통령 대한민국의 이름으로 당신을 기억합니다,5,0
ynat-v1_train_01772,조선 문신 서유구가 꼽은 명당 233곳은 어디일까,6,0
ynat-v1_train_01775,시즌 첫 골 손흥민 모든 상황 준비해 좋은 결과로 이어졌다,5,0
ynat-v1_train_01776,"LG U+, 5G SA 상용화 박차…NSA 코어 장비 연동 검증",5,4
ynat-v1_train_01777,"문재인, 우리 딸 지켜",0,2
ynat-v1_train_01781,알뜰폰 위기감 커진다…CJ헬로 사업자협회와 마찰탈퇴종합2보,3,4
ynat-v1_train_01784,영상 인니 경찰 2m 넘는 구렁이로 위협 심문…거짓말 하면 물린다,2,3
ynat-v1_train_01785,전력소모 없는 무전력 메모리 가능성 첫 규명,3,4
ynat-v1_train_01791,황총리 생활 체육시설 확충…맞춤형 프로그램 공급,6,2
ynat-v1_train_01792,현tuK수 김천웅 한국인h최초로 k스라I E체바무용단 입단,0,1
ynat-v1_train_01793,7개 신설 정보 제공,5,4
ynat-v1_train_01796,"위클리, VR 전성시대 맞아 해외 방송 그램",0,4
ynat-v1_train_01800,과기부 문재인 정부 2주년 과학기술·ICT 성과 발표,3,6
ynat-v1_train_01801,폭로전·삿대질·고성·몸싸움…막장 치닫는 바른미래당,4,2
ynat-v1_train_01802,전국 폭설·한파 동장군 맹위…교통 마비·출근길 불편,0,3
ynat-v1_train_01806,서울시 인권위 노숙인 공공일자리 축소안 철회 권고,0,3
ynat-v1_train_01807,양효진 우리 꼭 이겨야 한다고 다짐하면서 훈련 중,3,1
ynat-v1_train_01811,스캘리아 美대법관 장례식 엄수 수천명 애도…오바마 불참 논란,5,6
ynat-v1_train_01817,"50만원 입찰, 소통 프닝",6,2
ynat-v1_train_01819,홍콩 정부 사실상 계엄령 선포…시민 저항 꺾을지는 미지수,0,6
ynat-v1_train_01820,삼성 갤럭시A8 5일 출시…KT 오늘부터 예약판매,2,4
ynat-v1_train_01823,"이북 본사 사장 방한, SKB '페이스북 7대란' 입장 밝히지 않아",4,5
ynat-v1_train_01824,폭염엔 역시 얼음,3,0
ynat-v1_train_01825,朴대통령 한러 기업인에 극동협력 당부,3,2
ynat-v1_train_01830,녹색기술센터 아프리카 기니 가뭄 해결에 나선다,2,6
ynat-v1_train_01831,EU 러시아·시리아에 온건반군 공격 중단 촉구,0,6
ynat-v1_train_01832,무주서 한국사진기자협회 전북지부 보도사진전,5,3
ynat-v1_train_01839,"갤럭시 신형 폰, 내달 9일 출시 유력…가격은 100만원대",5,4
ynat-v1_train_01846,그래픽 자동차사고 과실비율 인정기준 개정 주요 내용,6,4
ynat-v1_train_01847,게시판 미래부 빅데이터 RD 심포지엄,2,4
ynat-v1_train_01850,"내주 6수 평가, 4지작업 진행",2,3
ynat-v1_train_01852,북한 노동당 제7차 대회 5월 6일 개최2보,5,2
ynat-v1_train_01853,"월세 2천만원, 진다",5,3
ynat-v1_train_01856,제21회 울산보훈대상 5개 부문 시상…경상일보 주관,4,3
ynat-v1_train_01859,LH 아파트에 지능형 스마트홈 구축한다,6,0
ynat-v1_train_01862,UAE 칼둔 행정청장 내일 방한…문 대통령·임 실장과 면담 전망종합,3,2
ynat-v1_train_01863,화웨이페이도 해외 진출…글로벌 페이 주도권 경쟁 심화,0,5
ynat-v1_train_01864,캐\다 0z인Z[한주i중 생산성 최고는 화요일,6,4
ynat-v1_train_01873,"LG전자, 스마트폰 사업 10분기 연속 적자",3,5
ynat-v1_train_01874,게시판 AWS 22일 머신러닝 온라인 콘퍼런스,2,4
ynat-v1_train_01876,中 만리장성 지키자…드론·위성 통해 밀착 감시,6,4
ynat-v1_train_01878,충북소식 도교육청 청렴 콘텐츠 공모전서 우수상,5,3
ynat-v1_train_01883,옛 인기예능 모아보자…KBS 깔깔티비 오픈,6,5
ynat-v1_train_01885,하루키 한정판·애니 너의 이름은.…새해 日소설 인기몰이,2,0
ynat-v1_train_01887,남편의 과도한 사랑에 숨 막혀…UAE서 아내 이혼청구,5,3
ynat-v1_train_01891,더민주 서영교 여파 지역위원장 심사기준 강화,5,3
ynat-v1_train_01893,다승 1위 두산 이용찬 옆구리 통증으로 1군 말소,0,1
ynat-v1_train_01895,디아이씨 종속회사 쿠팡에 전기화물차 10대 공급 계약,1,5
ynat-v1_train_01897,"L9 이노텍, 대규모 인사 이동 예상",3,5
ynat-v1_train_01900,中매체 G20 미중 정상회담 앞두고 평등한 협상이 관건,4,6
ynat-v1_train_01901,한국문화재재단 12일 장구 명인 이성진 추모 공연,3,0
ynat-v1_train_01902,국민의당靑 인사원칙 입장에 궤변…대통령 직접 해명해야,0,2
ynat-v1_train_01904,환영사$하는 문 대x령,2,0
ynat-v1_train_01905,금융위 집단대출·비은행권 가계대출 집중관리 필요,2,5
ynat-v1_train_01909,인디 게임 개발 개성·특징 담아내는 게 매력,6,4
ynat-v1_train_01910,"7대 기업, GH당 인수 경쟁 치열",2,5
ynat-v1_train_01913,"국제유가 반등, WTI 이번 주 2.2% 하락",2,5
ynat-v1_train_01914,한국방송협회장에 박정훈 SBS 사장 취임,2,3
ynat-v1_train_01922,소말리아서 미군기지 겨냥 폭탄테러…알샤바브 배후 자처종합,5,6
ynat-v1_train_01924,카카오 블록체인 플랫폼 클레이튼 6월말 정식 공개,0,4
ynat-v1_train_01927,"메리츠종금, 내년 코스피 1900~2400 예상",1,5
ynat-v1_train_01929,"드라마 재정, 강조된 책 보완 위해 필수",3,0
ynat-v1_train_01931,교양만화로 돌아온 윤태호 지적호기심 강한 시대에 맞는 만화,2,0
ynat-v1_train_01936,연합이매진 끄라비 에메랄드 빛깔의 열대 낙원,6,0
ynat-v1_train_01938,에어비앤비 만리장성에서의 하룻밤 어때요,2,0
ynat-v1_train_01940,백낙청이 말하는 더 나은 세상…회화록 6∼7권 출간,2,0
ynat-v1_train_01945,불공정 혐의 단골 기업 공정위 본부 직접 조사받는다,0,5
ynat-v1_train_01946,평가 과정 부당…구설 휘말린 AI·인간 번역 대결,1,4
ynat-v1_train_01951,코스피 상승 출발 후 외국인 매도에 하락…2360선 내줘종합,1,0
ynat-v1_train_01952,내일날씨 전국 구름 많아…아침 12∼1도 한파 이어져,4,0
ynat-v1_train_01963,만트럭버스코리아 페어 2018 기자간담회,1,4
ynat-v1_train_01968,미중 무역협상 불안에 코스피 장중 2150대 후퇴종합,6,5
ynat-v1_train_01978,불법 보관 종합 2보,4,3
ynat-v1_train_01983,네이버 뉴스 댓글 조작 의혹 경찰에 수사 의뢰,6,3
ynat-v1_train_01985,36년 만의 北 노동당 대회 5대 관전포인트,6,2
ynat-v1_train_01988,전정지 중징계,6,1
ynat-v1_train_01990,"은경, X울7HO 대표 악기 기증",0,3
ynat-v1_train_01993,"롯데 콘서트, 뜨거운 열기 속에 성황리에 마무리",1,4
ynat-v1_train_01995,이글스파크를 잡아라 대전 자치구 야구장 유치 경쟁,4,1
ynat-v1_train_01997,홍세섭 영모도부터 김환기 서예까지…정동1928아트센터 개관전,2,0
ynat-v1_train_01998,일리아스·오디세이아…쉽게 읽는 서양 고전문학,1,0
ynat-v1_train_02000,그래픽 카드 분기별 판매량 2만 2천명 순증,3,5
ynat-v1_train_02008,역사는 인간 어리석음의 기록…어리석은 선택의 반복 이유는,1,0
ynat-v1_train_02009,포스코ICT 새로운 스마트 X 솔루션 개발 추진,2,4
ynat-v1_train_02011,미국서 집값 급등,4,5
ynat-v1_train_02016,이란 인공위성 발사체 폭발 사고 자인…기술 결함,3,6
ynat-v1_train_02018,"시민 의견 반영, 복구 작업 시작",0,3
ynat-v1_train_02020,3대에 걸친 정상회담,5,2
ynat-v1_train_02023,"러시아 연루 前, 캠프 고문 원 보궐선거",6,2
ynat-v1_train_02024,美 중국과의 남중국해 영유권 분쟁국들에 공개적 대응 주문,3,6
ynat-v1_train_02031,김종민 도로공사 감독 힘에 부쳤다…2차전 걱정된다,0,1
ynat-v1_train_02034,M&A와 금융재벌: 방금 합병 발표,3,5
ynat-v1_train_02036,부활한 다르빗슈에 고무된 日 언론 사이영상 기대,2,1
ynat-v1_train_02039,골든스테이트휴스턴 NBA 서부콘퍼런스 결승 맞대결,6,1
ynat-v1_train_02040,안전한 항해 위한 닻 올려,5,4
ynat-v1_train_02041,국제유가·곡물가↓…올해 농업경영비 3.3% 감소 전망,2,5
ynat-v1_train_02049,전국 아침 기온 최대 7도 뚝…주말까지 쌀쌀,4,0
ynat-v1_train_02050,"충남, A판 어져",0,3
ynat-v1_train_02052,"고속도로 성능 개선, 긍정적인 영향 기대",3,4
ynat-v1_train_02055,문 대통령·여야 지도부 지방선거 사전투표,1,2
ynat-v1_train_02056,가자지구 공습에 이스라엘은 안보정국…대연정에 힘 실릴까,2,6
ynat-v1_train_02058,울산 진보3당 북구시설관리공단 설립 조례안 철회하라,4,3
ynat-v1_train_02059,카카오프렌즈 스토어 국제 배송 시작,3,4
ynat-v1_train_02067,직통령 펭수 UAR로 만난다…3D 영상·입체 스티커 나와,3,4
ynat-v1_train_02069,항생제 생산 유전자 단백질 될 때 버퍼링 걸린다,5,4
ynat-v1_train_02071,朴대통령 오바마·아베와 연쇄통화…北미사일 대응책 논의,1,2
ynat-v1_train_02073,봄소식 전하는 노란 산수유,1,0
ynat-v1_train_02078,"조국 향방, MBC 토론에서 논의",3,2
ynat-v1_train_02081,프로 2년차 최익제 형들 제치고 올스타전 서브킹종합,3,1
ynat-v1_train_02082,반대매매 하루에만 1천억원…금융위기 때보다 많아,6,5
ynat-v1_train_02089,"독일, 원전 가동 중단 결정",0,6
ynat-v1_train_02090,"베트남 갤러리, 성매매 관련 글 논란",4,6
ynat-v1_train_02091,최신폰 갤노트8이 무료…이통사 과장광고 눈살,5,4
ynat-v1_train_02093,멕시코 외무 중미 불법 이민 저감 대책 45일 이후 평가,4,6
ynat-v1_train_02096,"黃 단식 중단, '패스트트랙' 대치 속…靑 감찰 의혹 공방 가열",3,2
ynat-v1_train_02102,고은 시인 로마재단 국제시인상 수상,4,0
ynat-v1_train_02103,예탁원 CSD워킹그룹과 분산장부 기술 공동연구 협약,0,4
ynat-v1_train_02104,과학기자협회 올해의 과학자상에 항우연 발사체사업본부,5,3
ynat-v1_train_02109,"시민 수백 명 모여 정권 규탄, 요구사항 전달",6,2
ynat-v1_train_02110,경기민요 선보이는 이춘희 명창,5,0
ynat-v1_train_02111,"SKT, 세계 최초 5G 가입자 100만 돌파",5,3
ynat-v1_train_02113,중국 퀄컴 이어 에릭슨도 반독점 위반 조사,6,5
ynat-v1_train_02114,추석 직전 일요일 대형마트 의무휴업…요일 변경 두고 또 논란,6,5
ynat-v1_train_02116,구미 영천 등 경북 9개 시·군 폭염주의보,6,0
ynat-v1_train_02118,진통제 맞고 103구 던진 셔저의 투혼…믿기 힘든 투...,1,0
ynat-v1_train_02129,게임 판매량 4+1살부터 5-u까지 증가,0,5
ynat-v1_train_02130,독도로 출발하기 전 기념촬영 하는 독도아카데미 대학생,4,3
ynat-v1_train_02132,반으로 쪼개진 바른미래…두번 표결에 1표차 아슬아슬한 추인종합2보,0,2
ynat-v1_train_02137,이주의 뉴스키워드 블랙리스트·가상화폐·권력기관,5,0
ynat-v1_train_02138,황교안·나경원 패스트트랙 사건 경찰 출석통보에 불응 입장,5,2
ynat-v1_train_02146,KEB하나은행 호국보훈단체 지원을 위한 기부금 전달,2,3
ynat-v1_train_02147,미국 아프간서 발빼자…중국이 들어갔다,0,5
ynat-v1_train_02149,정선 산불 진화 안간힘,3,0
ynat-v1_train_02151,개회사 하는 류희인 본부장,1,0
ynat-v1_train_02159,미래부 출연硏 비정규직 연구원 정규직화 추진,1,3
ynat-v1_train_02160,"FA컵 5부리그 돌풍! 서턴, 링컨 16강 진출",5,1
ynat-v1_train_02161,추억의 노키아폰 부활…49유로 헐값＋22시간 통화종합,5,4
ynat-v1_train_02162,"천안시, PC 수천 대 장비 전면 교체",2,3
ynat-v1_train_02163,中 부동산 불황 쇼크…관련기업 주가 하루 80% 폭락,2,5
ynat-v1_train_02164,한반도 해빙 이총리 세계의 완전한 냉전종식 이제 시작돼,3,2
ynat-v1_train_02170,일왕과 왕비의 즉위 예식,2,0
ynat-v1_train_02175,게시판 SKT 독거노인 케어 서비스 GSMA 우수사례 선정,4,3
ynat-v1_train_02179,후쿠시마 수산물 분쟁 패배한 日아베 EU서 WTO 개혁 성토,1,6
ynat-v1_train_02183,게시판 서울 한성백제박물관 사계 콘서트 여름 개최,5,0
ynat-v1_train_02184,레이저로 미세 무늬 새겨 위조 막는다,5,4
ynat-v1_train_02186,우리카드 펠리페 영입…시즌 시작 전 두 번째 외국인 교체,4,1
ynat-v1_train_02187,주말 N 여행 강원권 쫀득한 찰옥수수…일편단심 무궁화,2,5
ynat-v1_train_02193,2018 ICT 삼성 폴더블폰 새해 애플 아이폰X 대항마될까,5,4
ynat-v1_train_02195,獨 언론 극우 AfD 의원 러시아로부터 통제당해,2,6
ynat-v1_train_02196,홍콩 행정수반 송환법 추진 보류…사실상 무기한 연기종합,5,6
ynat-v1_train_02197,정부 거점항만으로 한진해운 선박 유도해 화물 하역,1,5
ynat-v1_train_02207,"조국, 검찰과 파장…한·미 '미래&핵' 공조",3,2
ynat-v1_train_02208,국립중앙박물관 이집트 미라 등 만나볼 세계문화관 개관,3,0
ynat-v1_train_02209,카카오 로봇모듈·모바일게임 업체에 잇단 투자종합,2,5
ynat-v1_train_02211,총선 D8 與 신공항공세 차단…더민주 서부산 공략 강화,6,2
ynat-v1_train_02215,전국 리그 3대회 개최,0,1
ynat-v1_train_02217,게시판 HF 대학생봉사단 맞춤형 사회공헌 활동,1,5
ynat-v1_train_02221,총파업 코앞에 두고 국민은행 노사 막판협상…극적 타결될까종합,6,3
ynat-v1_train_02223,"현대차, 8월 국내 판매 17.6% 감소",0,5
ynat-v1_train_02224,"최지, 2경기 연속 안타! 타율 0.269 기록",0,1
ynat-v1_train_02225,프로농구 1라운드 최우수선수에 현대모비스 라건아,0,1
ynat-v1_train_02228,성장률 쇼크에 증권가 연간 성장률 전망치 2.22.3%로 하향,3,5
ynat-v1_train_02232,"캠 선수, 송파 아시안 게임 출전",5,1
ynat-v1_train_02233,뮤지컬 아리 아라리·뮤지컬 내 친구 유관순,3,0
ynat-v1_train_02234,"전화번호로 연락 가능, c아서-간7W;nzd스",4,3
ynat-v1_train_02238,투자일임형 ISA도 허용 추진…중소 증권사에 혜택,1,0
ynat-v1_train_02244,올해 추석 당일 T맵 사용자 447만명 기록…역대 최다,6,4
ynat-v1_train_02248,"국고채 금리 일제히 하락, 3년물 2.256%",0,5
ynat-v1_train_02249,클린턴재단 후폭풍인가…힐러리 vs 트럼프 지지율 3%p로 좁혀져,0,2
ynat-v1_train_02250,앙숙 터키·그리스 화해 모색…그리스 총리 성소피아 방문,4,6
ynat-v1_train_02253,갤노트8 중국서 29일 출시…모바일결제 제휴 확대,2,4
ynat-v1_train_02256,게시판 투교협 중·고생 대상 금융투자 체험교실,6,3
ynat-v1_train_02258,친박계 의원들 광화문 촛불집회 날 단양서 골프 회동종합,1,2
ynat-v1_train_02260,"화재, 전국으로 확산… 두 달째 지속",0,3
ynat-v1_train_02262,"여성 등반가, 흡입력 장비로 33층 빌딩 등반 성공",5,0
ynat-v1_train_02267,유령주식 불안 확산…배당 이어 주식거래시스템 점검종합,0,5
ynat-v1_train_02276,이공대 내부 살펴보는 홍콩 경찰,3,6
ynat-v1_train_02277,톰프슨·커리 68점 골든스테이트 3쿼터 마법 앞세워 5연승,0,1
ynat-v1_train_02280,내일 남북고위급회담…정상회담 일정·장소 정해질 듯종합,4,2
ynat-v1_train_02282,호퍼드 결승점에 스틸까지…보스턴 필라델피아에 3연승,5,1
ynat-v1_train_02289,"KT, 정보보안 기업 4곳과 MOU 체결",1,5
ynat-v1_train_02297,"서울, PM 대회서 3위 기록",4,1
ynat-v1_train_02299,LG전자 트리플 카메라 장착한 LG X6 출시,0,4
ynat-v1_train_02300,게시판 KIST 의학도 대상 리서치 캠프,5,4
ynat-v1_train_02308,"머리 맞s~경제,!리와 한국은행 총재",5,2
ynat-v1_train_02311,경기북부 7개 시·군 23시 한파주의보,1,0
ynat-v1_train_02319,방통위 KBS 보궐이사에 강형철 숙명여대 교수 추천,6,3
ynat-v1_train_02323,가이드북 NO…스마트폰 AI 비서 여행 도우미로 수요↑,2,4
ynat-v1_train_02326,주말 N 여행 제주권 탐라 역사·문화 혼 깃든 산지천 축제,2,0
ynat-v1_train_02330,구글 퀴즈쇼 앱 개발 3사 간담회 개최,6,4
ynat-v1_train_02331,MLB 텍사스 펜스마저 타구 쫓다 부상…외야 줄부상,3,1
ynat-v1_train_02332,"국내 IT 업체 2곳, 랜섬웨어 공격 피해",4,5
ynat-v1_train_02336,우진비앤지 37억 규모 동물용의약품 공급계약,4,5
ynat-v1_train_02341,혈투의 시작: 산업 경쟁 심화,3,5
ynat-v1_train_02342,장마 때문에…전국 해수욕장 유명산 관광지 썰렁,3,0
ynat-v1_train_02345,"삼성증권, 1분기 영업이익 17% 감소",6,5
ynat-v1_train_02354,손가락 욕설한 델리 알리 A매치 1경기 출전금지,5,1
ynat-v1_train_02356,미국발 훈풍 코스피 장중 2120선 회복…코스닥 2% 올라종합2보,6,5
ynat-v1_train_02357,코스피 하락 마감,2,5
ynat-v1_train_02360,인도 휩쓴 사이클론 방글라도 강타…최소 24명 사망·280만 대피종합,0,6
ynat-v1_train_02361,배틀그라운드 국내 서버 별도 운영…해외 이용자와 분리,1,4
ynat-v1_train_02365,靑 한미훈련 비핵화 상황보며 결정할 문제…美 논의요청 없어,4,2
ynat-v1_train_02369,"박지수, LA 스파크스 상대 2득점 2리바운드 기록",4,1
ynat-v1_train_02374,추미애 野 무더기 허위조작 기소…권력시녀 전락한 정치검찰,6,2
ynat-v1_train_02378,중국의 해외투자 안전도I평가서 Z국 O위→=_위t추락,6,5
ynat-v1_train_02380,北매체 로켓 발사 성공에 온나라 경축 분위기,5,2
ynat-v1_train_02383,KIST 탄소나노소재로 우주복 섬유·방사선차폐재 개발중,0,6
ynat-v1_train_02391,피아니스트 유자 왕의 연주,5,0
ynat-v1_train_02395,야구장 암표팔다 적발 기초수급자 타인 인적사항 도용,6,3
ynat-v1_train_02400,"삼성, 중소기업 신사업 지원 강화",4,5
ynat-v1_train_02402,김학경 일보 편집국장,3,0
ynat-v1_train_02407,이란 탄도미사일 개발은 협상 대상 아냐 재확인,4,6
ynat-v1_train_02408,"아폴로 13호, 47년 만에 달 착륙 성공",3,1
ynat-v1_train_02409,현대중공업 4천만달러 규모 산업용 로봇 대량 수주,0,5
ynat-v1_train_02415,베네수엘라 외무 유엔서 트럼프마두로 직접 담판 제안종합,1,6
ynat-v1_train_02418,보육시설 비리 근절을 위하여,1,3
ynat-v1_train_02419,"KTB투자, 대림산업 2분기 실적 호조에 목표주가 상향",4,2
ynat-v1_train_02421,"CJ ENM, 플레디스 엔터테인먼트 지분 51% 인수 추진",3,5
ynat-v1_train_02422,자사주 매입 자신감 드러낸 조준호…G6 성공할까종합,3,4
ynat-v1_train_02427,"KT, 1만원대 LTE 요금제와 함께 LG 폴더 출시",2,4
ynat-v1_train_02428,사방에 봄이 왔다,3,0
ynat-v1_train_02435,다공성 금속구조체 전극으로 리튬전지 용량 2배 향상,5,4
ynat-v1_train_02439,"주택 방문 규정, 내일부터 시행",2,3
ynat-v1_train_02445,칠레 청년 사자 우리서 자살 기도…구조과정서 사자 2마리 사살,1,6
ynat-v1_train_02452,"태풍 차바, 경남 벗어나…최대 277.5㎜ 물폭탄",6,0
ynat-v1_train_02454,주말 N 여행 충청권 달콤한 포도에 견우·직녀의 사랑까지,6,0
ynat-v1_train_02459,페이스북 분기매출 47% 늘었지만 불투명한 미래에 주가 하락,0,5
ynat-v1_train_02461,아베 개헌논의 안 해도 좋은지 선거서 물을 것…개헌 이슈화,4,2
ynat-v1_train_02462,9월 경상수지 흑자 지속... 규모는 1.8% 감소,6,5
ynat-v1_train_02468,축구 대표팀 9월 국내서 코스타리카·칠레와 평가전,3,1
ynat-v1_train_02474,4차 산업혁명위원회 첫 회의 개최,3,4
ynat-v1_train_02480,"XE, 2안전 여행 지원",2,4
ynat-v1_train_02485,아이폰8 잇단 스웰링 현상…배터리 게이트로 비화할까,3,4
ynat-v1_train_02487,사지 않고 구경만 한다고 판매직원이 욕설을…외국인 관광객종합,1,0
ynat-v1_train_02488,정끝별 시인이 말하는 패러디…이 시대 중심 표현방법,5,0
ynat-v1_train_02489,북한날씨 아침에 비 대부분 그쳐,1,0
ynat-v1_train_02497,아리 아라리 정선아리랑극 세계인에 선보인다,5,0
ynat-v1_train_02499,언중위 불공정 지방선거 보도 91건 제재,4,3
ynat-v1_train_02506,폐암 투병 개그맨 김철민 위한 자선 콘서트,5,0
ynat-v1_train_02511,"NH투자증권 IRP 비보장상품, 수익률 업계 1위 기록",4,5
ynat-v1_train_02512,평양정상회담 꿈도 하나 소원도 하나 평화번영통일,4,6
ynat-v1_train_02534,카카오엔터프라이즈 출범…국내 대표 기업형 IT 플랫폼 목표,3,4
ynat-v1_train_02536,케냐 대통령 한국산 자동차 몰고 한국산 TV 매일 본다,1,6
ynat-v1_train_02537,與 김희옥 비대위 순항할까…내주 전국위서 추인 시도,6,1
ynat-v1_train_02538,날씨 6일 전국 흐리고 비…태풍 영향권 제주·남해안 강풍,0,4
ynat-v1_train_02539,"미분양 주택, 12월 6만 1천 가구 넘어… 한 달 새 23.7% 증가",0,5
ynat-v1_train_02541,유튜브 영어 생방송에 자동 영문 자막 붙는다,6,4
ynat-v1_train_02542,심판 비난 못 참아 포르투갈 축구 심판들 파업 예고,5,1
ynat-v1_train_02544,마스크 쓴 홍콩인 대규모 시위…임시정부 수립 주장까지종합2보,3,6
ynat-v1_train_02545,"주식 시장, 오늘 하루 급등",3,2
ynat-v1_train_02546,123층 롯데월드타워 외벽 청소 개시…닦을 유리창만 4만2천장,4,5
ynat-v1_train_02547,트럼프 한국 등 방위비분담금 더 내라…양방향 도로 돼야,2,6
ynat-v1_train_02548,박지원 朴대통령 추석후 3당대표 회동 약속 지켜야,1,2
ynat-v1_train_02550,울산중부새일센터 직업교육으로 경력단절여성 19명 취업 지원,5,3
ynat-v1_train_02553,美 오만해 유조선공격 배후 이란 지목…이란 파병하려 날조,5,6
ynat-v1_train_02555,KT 5G 스마트노래방앱 싱스틸러 출시,4,5
ynat-v1_train_02556,대우건설산업은행 동반성장펀드 조성…협력사 지원,6,5
ynat-v1_train_02557,비박 비대위 무산 여론전…결별 배수진 치며 압박종합,0,2
ynat-v1_train_02558,류현진 탈삼진 쇼에 이어 이번엔 세 번째 8이닝 이상 투구,0,1
ynat-v1_train_02561,르노삼성자동차 2018 협력업체 컨벤션 개최,0,4
ynat-v1_train_02563,공군 우주정보상황실 北 광명성4호 위성 면밀히 감시중,0,3
ynat-v1_train_02569,박영선 당 잔류 공식표명 새경제 정통야당 지켜봐달라종합,6,2
ynat-v1_train_02575,침공 기준 나왔다: 정부 압박,5,6
ynat-v1_train_02577,랜섬웨어 국내 피해 신고 1건 접수,3,4
ynat-v1_train_02578,오바마 폭력범죄ㆍ불법이민 증가 트럼프 주장 반박,3,6
ynat-v1_train_02585,"Y성 갤럭시, 디지털 탑재",5,4
ynat-v1_train_02588,두산건설 3천200억원 규모 도로·주택 공사수주,4,5
ynat-v1_train_02590,게시판 LGU 인천공항 로밍서비스 7회 연속 만족도 1위,3,5
ynat-v1_train_02603,김우재 IBK기업은행 감독 김희진 종아리 통증…무리하지 않게,6,1
ynat-v1_train_02605,레바논서 사흘째 거리시위…경제난에 정권퇴진 요구,5,6
ynat-v1_train_02627,폼페이오 국무장관이 상원 출마 공화 지도부 차출 희망,4,2
ynat-v1_train_02628,日 각료들 독도 영유권 주장 잇단 망언,4,6
ynat-v1_train_02634,4년 8개월 만에 아가메즈 국제공항 재개장,1,6
ynat-v1_train_02649,아이팩토리 상장폐지 이의신청서 제출,1,3
ynat-v1_train_02650,경북도 동해안권 발전계획 축소…7조7천억원 투자키로,4,2
ynat-v1_train_02653,"2.8 독립 100주년, 도쿄서 기념식 거행",3,6
ynat-v1_train_02654,추신수 5타수 무안타…13경기 연속 출루 중단,2,1
ynat-v1_train_02674,인크루트 로봇직원 알리사 채용…사번은 24365,2,4
ynat-v1_train_02677,한국인터넷진흥원 랜섬웨어 예방 암호기술 연구 착수,1,4
ynat-v1_train_02685,수백억 돈세탁 태국 승려 수천명 인의 장막 치고 경찰 따돌려,2,6
ynat-v1_train_02687,뉴스 사람 줄였다,4,3
ynat-v1_train_02688,네덜란드 미국의 호르무즈해협 파병 요청 공식 확인,2,6
ynat-v1_train_02702,I5억 규모 봄맞이 골프대전 개최,0,4
ynat-v1_train_02712,대전·충남 동장군 기승…청양 영하 20.3도종합,3,0
ynat-v1_train_02716,제주 낮최고 22.5도 포근…산간 호우 예비특보,2,4
ynat-v1_train_02725,"성직자, nC쇼 출연 이 어떨까요?",4,0
ynat-v1_train_02729,"QB 9승, 팀 번영 이끌다",2,1
ynat-v1_train_02736,안산·대구·대전·부여에서 노후 공공건축물 리뉴얼 사업,2,3
ynat-v1_train_02743,8주 주주총회 개최,2,5
ynat-v1_train_02747,"벌렌더 2홈런 맞고 흔들… 양키스, ALCS 기사회생",0,1
ynat-v1_train_02754,중동 유일 UAE 아부다비 北식당 옥류관 영업중단,0,6
ynat-v1_train_02755,개성공단 출입원 발열 사태 종합,2,6
ynat-v1_train_02756,항소심2선고 출석하는 이%택,3,2
ynat-v1_train_02770,"삼성중공업, 올해 첫 수주…LNG선 2척 확보",1,5
ynat-v1_train_02771,"태영, 체제 영향 줄 수 있어",2,6
ynat-v1_train_02774,챗GPT 로드맵 공개,3,6
ynat-v1_train_02779,"크리스마스 선물, 가장 쓸 때가 언제일까?",4,0
ynat-v1_train_02781,화합물 몸 안에서 짝F 단백질 m는 법 새로Q개U,4,6
ynat-v1_train_02787,13일 노바 라이온즈와 T3 10 결승 상품 공개,6,4
ynat-v1_train_02788,남원 소식: 춘향단 장학생 모집,0,3
ynat-v1_train_02791,거리에서 노래하던 베네수엘라 이민자에게 찾아온 기적,0,4
ynat-v1_train_02793,경찰 5월초 유커와 日관광객위해 바가지 요금 집중 단속,1,3
ynat-v1_train_02798,인터뷰 류현진 친구에게 안타 맞는 것 싫어해…승부는 냉정,1,4
